edge,geodesic_distance_km,gh_distance_km,distance_diff_km,distance_pct_change,geodesic_time_min,gh_time_min,time_diff_min,time_pct_change
17031070300->17031832600,1.6010916134571735,2.148,0.5469083865428266,34.15846925597899,0,4.933333333333334,4.933333333333334,0
17031070300->17031071000,0.7090736708640836,1.09,0.3809263291359165,53.721685741301926,0,3.7,3.7,0
17031070300->17031071100,0.7686001689162586,1.067,0.29839983108374135,38.82380503565216,0,2.75,2.75,0
17031070300->17031071200,0.7648444356243187,1.112,0.3471555643756814,45.3890422948961,0,3.066666666666667,3.066666666666667,0
17031070300->17031063000,0.9059939374719846,1.22,0.31400606252801533,34.6587377178476,0,3.433333333333333,3.433333333333333,0
17031070300->17031063100,1.2489326073808389,1.679,0.43006739261916116,34.43479576700811,0,3.9833333333333334,3.9833333333333334,0
17031070300->17031832000,1.935807823014958,2.325,0.38919217698504216,20.104897415844096,0,5.766666666666667,5.766666666666667,0
17031070300->17031063303,1.3043252902352325,2.084,0.7796747097647676,59.77609386260959,0,5.466666666666667,5.466666666666667,0
17031070300->17031071400,1.310271463677768,1.621,0.3107285363222321,23.71482131268096,0,3.9,3.9,0
17031070300->17031070200,0.38604663620385815,0.542,0.1559533637961419,40.39754505561556,0,2.3833333333333333,2.3833333333333333,0
17031070300->17031060900,2.2326339835989675,2.627,0.3943660164010323,17.663711082876247,0,5.75,5.75,0
17031070300->17031070400,0.4807037222214637,0.552,0.07129627777853637,14.831646705179798,0,2.45,2.45,0
17031070300->17031070102,0.7262889942129257,1.285,0.5587110057870742,76.92681704375066,0,3.566666666666667,3.566666666666667,0
17031070300->17031061800,2.0322771449906454,2.502,0.4697228550093544,23.113129829126557,0,5.466666666666667,5.466666666666667,0
17031070300->17031071500,2.040999839650294,2.396,0.35500016034970594,17.393443813818813,0,6.133333333333334,6.133333333333334,0
17031070300->17031071300,1.0768271241214769,1.308,0.2311728758785232,21.467965535055058,0,3.55,3.55,0
17031070300->17031071800,1.4621080065998016,2.208,0.7458919934001986,51.01483543167268,0,5.633333333333334,5.633333333333334,0
17031070300->17031071600,1.5166652516716557,1.802,0.2853347483283444,18.813297661685784,0,4.95,4.95,0
17031070300->17031070103,0.7833311993521501,1.288,0.5046688006478499,64.42597984929408,0,3.8,3.8,0
17031070300->17031070101,0.8925869657194463,1.12,0.22741303428055382,25.47796943206016,0,4.116666666666666,4.116666666666666,0
17031070300->17031061901,1.7798228054195346,2.782,1.0021771945804654,56.307694874391444,0,6.3,6.3,0
17031070300->17031062200,1.6386797885416546,1.997,0.3583202114583455,21.866395983148912,0,5.483333333333333,5.483333333333333,0
17031070300->17031062900,1.1538556829475584,1.46,0.3061443170524416,26.532288359527506,0,4.166666666666667,4.166666666666667,0
17031070300->17031063400,0.8346797157242493,1.309,0.4743202842757507,56.82662167777545,0,3.9833333333333334,3.9833333333333334,0
17031070300->17031063301,0.9826315734597929,1.321,0.33836842654020705,34.434923086058596,0,4.416666666666667,4.416666666666667,0
17031070300->17031063302,1.119455421979843,1.809,0.689544578020157,61.59643023575199,0,4.433333333333334,4.433333333333334,0
17031070300->17031063200,1.285409207410705,1.785,0.49959079258929484,38.866283959149285,0,5.283333333333333,5.283333333333333,0
17031070300->17031062000,1.4779628699010319,1.808,0.3300371300989682,22.330542723381697,0,4.466666666666667,4.466666666666667,0
17031070300->17031062100,1.480641357934351,1.721,0.24035864206564916,16.233414038965826,0,4.05,4.05,0
17031070300->17031061902,1.7601155208917705,2.696,0.9358844791082297,53.171764466576576,0,6.133333333333334,6.133333333333334,0
17031832600->17031071000,1.0544108229442364,1.344,0.2895891770557637,27.464548993071077,0,3.9833333333333334,3.9833333333333334,0
17031832600->17031071100,0.8365609463856327,1.391,0.5544390536143673,66.27599053121294,0,3.1,3.1,0
17031832600->17031071200,1.0045394976369357,1.436,0.4314605023630642,42.95107393766255,0,3.4,3.4,0
17031832600->17031063000,2.500917789969023,3.06,0.5590822100309771,22.355081493418545,0,6.616666666666666,6.616666666666666,0
17031832600->17031063100,2.836497483293603,3.518,0.6815025167063968,24.02619853253207,0,7.166666666666667,7.166666666666667,0
17031832600->17031832000,3.527148674987742,4.164,0.6368513250122576,18.05569834717758,0,8.95,8.95,0
17031832600->17031063303,2.5671779294380577,3.922,1.3548220705619425,52.77476309787792,0,8.633333333333333,8.633333333333333,0
17031832600->17031071400,1.528051293478349,2.18,0.6519487065216512,42.665367929999306,0,4.783333333333333,4.783333333333333,0
17031832600->17031070200,1.8502404466264766,2.382,0.5317595533735235,28.740024267822868,0,5.55,5.55,0
17031832600->17031060900,3.823315841684258,4.467,0.6436841583157418,16.835756839596705,0,8.916666666666666,8.916666666666666,0
17031832600->17031070400,1.6582521305067304,1.934,0.27574786949326957,16.628826486657747,0,5.35,5.35,0
17031832600->17031070102,2.021903671127923,3.124,1.102096328872077,54.50785537459707,0,6.733333333333333,6.733333333333333,0
17031832600->17031061800,3.6295268516418573,4.341,0.7114731483581429,19.602366298414353,0,8.633333333333333,8.633333333333333,0
17031832600->17031071500,1.3049124848428562,1.964,0.6590875151571438,50.5081775837645,0,4.583333333333333,4.583333333333333,0
17031832600->17031071300,1.1379309818445822,1.867,0.7290690181554178,64.06970455919914,0,4.433333333333334,4.433333333333334,0
17031832600->17031071800,0.48505583333622854,0.754,0.26894416666377147,55.44602253599662,0,2.6333333333333333,2.6333333333333333,0
17031832600->17031071600,0.9064038109967206,1.203,0.29659618900327944,32.72230162813741,0,4.25,4.25,0
17031832600->17031070103,1.62882902239242,2.421,0.7921709776075798,48.634384991743396,0,5.65,5.65,0
17031832600->17031070101,1.9094751079550834,2.742,0.8325248920449166,43.59967242183605,0,6.666666666666667,6.666666666666667,0
17031832600->17031061901,3.3415297345842547,4.621,1.2794702654157457,38.28995600947224,0,9.466666666666667,9.466666666666667,0
17031832600->17031062200,3.1866524740615936,3.483,0.2963475259384065,9.29964997283474,0,8.6,8.6,0
17031832600->17031062900,2.680529915890487,2.946,0.2654700841095132,9.903641908108405,0,7.3,7.3,0
17031832600->17031063400,2.405968760194245,3.148,0.7420312398057551,30.84126660671386,0,7.15,7.15,0
17031832600->17031063301,2.44687385850214,3.16,0.71312614149786,29.144376977994362,0,7.583333333333333,7.583333333333333,0
17031832600->17031063302,2.5055107485053347,3.647,1.141489251494665,45.55914406576071,0,7.6,7.6,0
17031832600->17031063200,2.7521859771774166,3.624,0.8718140228225835,31.677147912682024,0,8.466666666666667,8.466666666666667,0
17031832600->17031062000,3.071252948579538,3.647,0.5757470514204619,18.74632474302536,0,7.65,7.65,0
17031832600->17031062100,3.075870172398934,3.56,0.48412982760106615,15.739605395096484,0,7.216666666666667,7.216666666666667,0
17031832600->17031061902,3.2895001014697534,4.534,1.2444998985302465,37.83249308836324,0,9.3,9.3,0
17031071000->17031071100,0.44615619340699,0.556,0.10984380659301007,24.620034018626523,0,1.6666666666666667,1.6666666666666667,0
17031071000->17031071200,0.735487041969092,0.922,0.18651295803090806,25.359108643377848,0,2.6666666666666665,2.6666666666666665,0
17031071000->17031063000,1.5240205576905241,1.932,0.4079794423094758,26.769943505730737,0,5.1,5.1,0
17031071000->17031063100,1.9323175651166808,2.773,0.8406824348833193,43.50643238253416,0,6.0,6.0,0
17031071000->17031832000,2.5257199890726363,3.419,0.8932800109273638,35.36734138352952,0,7.783333333333333,7.783333333333333,0
17031071000->17031063303,1.967896224171085,3.177,1.2091037758289152,61.44143989799119,0,7.466666666666667,7.466666666666667,0
17031071000->17031071400,1.5218142918728506,1.666,0.14418570812714937,9.47459285256839,0,4.05,4.05,0
17031071000->17031070200,1.0727409313860456,1.636,0.5632590686139543,52.50653276427046,0,4.4,4.4,0
17031071000->17031060900,2.9021465629615864,3.721,0.8188534370384137,28.215440511825463,0,7.766666666666667,7.766666666666667,0
17031071000->17031070400,0.6082592847041357,1.069,0.46074071529586424,75.747420036502,0,3.35,3.35,0
17031071000->17031070102,1.3725858712039818,2.378,1.0054141287960183,73.24963413138633,0,5.583333333333333,5.583333333333333,0
17031071000->17031061800,2.690510578886017,3.596,0.905489421113983,33.654928853277106,0,7.466666666666667,7.466666666666667,0
17031071000->17031071500,1.9219541602499843,2.441,0.5190458397500155,27.006150848181747,0,6.283333333333333,6.283333333333333,0
17031071000->17031071300,1.1351350324922889,1.353,0.21786496750771112,19.192867920688645,0,3.7,3.7,0
17031071000->17031071800,1.120202889437555,2.018,0.8977971105624447,80.1459377607231,0,5.233333333333333,5.233333333333333,0
17031071000->17031071600,1.3670822147899766,1.847,0.4799177852100234,35.10526141134479,0,5.0,5.0,0
17031071000->17031070103,1.212247925751133,1.675,0.4627520742488671,38.17305556222229,0,4.5,4.5,0
17031071000->17031070101,1.43160834553584,1.997,0.5653916544641602,39.493458963634254,0,5.516666666666667,5.516666666666667,0
17031071000->17031061901,2.475742435085599,3.875,1.399257564914401,56.51870505931775,0,8.316666666666666,8.316666666666666,0
17031071000->17031062200,2.153757240076033,2.618,0.4642427599239669,21.555017960500415,0,6.6,6.6,0
17031071000->17031062900,1.6460954809493908,2.081,0.4349045190506091,26.420370147652466,0,5.3,5.3,0
17031071000->17031063400,1.5357920171242736,2.403,0.8672079828757264,56.46649892734489,0,6.0,6.0,0
17031071000->17031063301,1.687658158967426,2.415,0.727341841032574,43.0976994462901,0,6.433333333333334,6.433333333333334,0
17031071000->17031063302,1.811525679759773,2.902,1.0904743202402272,60.196459394648784,0,6.45,6.45,0
17031071000->17031063200,1.9929331782094832,2.879,0.8860668217905168,44.4604380858664,0,7.3,7.3,0
17031071000->17031062000,2.1504828679351435,2.902,0.7515171320648566,34.94643660130389,0,6.483333333333333,6.483333333333333,0
17031071000->17031062100,2.087379656981167,2.815,0.7276203430188328,34.858073881544854,0,6.066666666666666,6.066666666666666,0
17031071000->17031061902,2.4655731590462624,3.789,1.3234268409537377,53.676234919172636,0,8.15,8.15,0
17031071100->17031071200,0.3302586465047105,0.366,0.03574135349528951,10.822230961568398,0,1.0,1.0,0
17031071100->17031063000,1.6735240623603602,1.99,0.31647593763963977,18.910749164447505,0,4.2,4.2,0
17031071100->17031063100,2.0001241450641616,2.449,0.44887585493583826,22.442399690217172,0,4.75,4.75,0
17031071100->17031832000,2.7028648972566596,3.095,0.3921351027433406,14.508128139935813,0,6.533333333333333,6.533333333333333,0
17031071100->17031063303,1.8115476376830089,2.853,1.0414523623169913,57.48964811375434,0,6.233333333333333,6.233333333333333,0
17031071100->17031071400,1.115247793398237,1.11,-0.0052477933982368885,-0.47054954327652154,0,2.3833333333333333,2.3833333333333333,0
17031071100->17031070200,1.0217829640093998,1.312,0.2902170359906002,28.403002028122522,0,3.15,3.15,0
17031071100->17031060900,2.9869441719957877,3.397,0.41005582800421214,13.728272253921137,0,6.516666666666667,6.516666666666667,0
17031071100->17031070400,0.9247845528022436,1.224,0.2992154471977564,32.35515194226441,0,3.1166666666666667,3.1166666666666667,0
17031071100->17031070102,1.233164864269967,2.055,0.8218351357300331,66.6443846676218,0,4.333333333333333,4.333333333333333,0
17031071100->17031061800,2.793112885349835,3.272,0.47888711465016476,17.14528321293339,0,6.233333333333333,6.233333333333333,0
17031071100->17031071500,1.483679826796218,1.885,0.4013201732037821,27.04897417594282,0,4.616666666666666,4.616666666666666,0
17031071100->17031071300,0.7075519716502754,0.798,0.09044802834972465,12.78323458540665,0,2.033333333333333,2.033333333333333,0
17031071100->17031071800,0.7351519710222304,1.462,0.7268480289777696,98.8704455171474,0,3.55,3.55,0
17031071100->17031071600,0.9273511730063567,1.291,0.3636488269936432,39.21371294703161,0,3.3333333333333335,3.3333333333333335,0
17031071100->17031070103,0.9306288192233327,1.351,0.42037118077666724,45.170660105657696,0,3.25,3.25,0
17031071100->17031070101,1.1928807544058062,1.673,0.48011924559419383,40.248720907007105,0,4.266666666666667,4.266666666666667,0
17031071100->17031061901,2.5097752267300697,3.551,1.0412247732699305,41.486773882397394,0,7.066666666666666,7.066666666666666,0
17031071100->17031062200,2.3855768165963314,3.008,0.6224231834036686,26.09109792958682,0,6.266666666666667,6.266666666666667,0
17031071100->17031062900,1.8860562352873855,2.323,0.4369437647126144,23.16705920733247,0,5.0,5.0,0
17031071100->17031063400,1.5706724572958721,2.079,0.508327542704128,32.36368858083139,0,4.75,4.75,0
17031071100->17031063301,1.6318910799106494,2.091,0.4591089200893508,28.13355166537759,0,5.183333333333334,5.183333333333334,0
17031071100->17031063302,1.7114685270753736,2.578,0.8665314729246263,50.63087396677929,0,5.2,5.2,0
17031071100->17031063200,1.940654149009568,2.555,0.6143458509904323,31.65663759840824,0,6.05,6.05,0
17031071100->17031062000,2.234692013569061,2.578,0.34330798643093896,15.36265330284313,0,5.233333333333333,5.233333333333333,0
17031071100->17031062100,2.2486299096135767,2.491,0.24237009038642343,10.77856740009628,0,4.816666666666666,4.816666666666666,0
17031071100->17031061902,2.4653124910722997,3.465,0.9996875089277002,40.550133605694796,0,6.9,6.9,0
17031071200->17031063000,1.6436847019965937,2.035,0.3913152980034065,23.807199612436218,0,4.516666666666667,4.516666666666667,0
17031071200->17031063100,1.8973726287846475,2.494,0.5966273712153527,31.44492347807923,0,5.066666666666666,5.066666666666666,0
17031071200->17031832000,2.665431203318234,3.14,0.474568796681766,17.80457871472985,0,6.85,6.85,0
17031071200->17031063303,1.5652211717380144,2.487,0.9217788282619856,58.891282900195286,0,6.583333333333333,6.583333333333333,0
17031071200->17031071400,0.7909184446986236,0.853,0.06208155530137638,7.84929921883821,0,2.033333333333333,2.033333333333333,0
17031071200->17031070200,0.8918853600087923,1.357,0.4651146399912077,52.1495991353219,0,3.45,3.45,0
17031071200->17031060900,2.8761195720625397,3.442,0.5658804279374605,19.675135673571912,0,6.833333333333333,6.833333333333333,0
17031071200->17031070400,1.0747971023100893,1.46,0.3852028976899107,35.83959212971305,0,3.5833333333333335,3.5833333333333335,0
17031071200->17031070102,1.0197768478685287,1.913,0.8932231521314713,87.59005992324971,0,4.3,4.3,0
17031071200->17031061800,2.6979687305107762,3.317,0.6190312694892239,22.94434559187903,0,6.533333333333333,6.533333333333333,0
17031071200->17031071500,1.296857437706528,1.628,0.33114256229347183,25.534230106209073,0,4.266666666666667,4.266666666666667,0
17031071200->17031071300,0.40247256333148,0.54,0.13752743666852002,34.17063651001005,0,1.6833333333333333,1.6833333333333333,0
17031071200->17031071800,0.7296117358659653,1.507,0.7773882641340346,106.54821268895354,0,3.8666666666666667,3.8666666666666667,0
17031071200->17031071600,0.7566323160050248,1.034,0.27736768399497524,36.65818629839401,0,3.1,3.1,0
17031071200->17031070103,0.6399154150865196,0.985,0.3450845849134804,53.92659354312058,0,3.6,3.6,0
17031071200->17031070101,0.9163280540615206,1.664,0.7476719459384793,81.5943528766262,0,3.8833333333333333,3.8833333333333333,0
17031071200->17031061901,2.3709103706610066,3.185,0.8140896293389934,34.33658393050204,0,7.416666666666667,7.416666666666667,0
17031071200->17031062200,2.3979902057678784,3.053,0.6550097942321216,27.314948687306085,0,6.566666666666666,6.566666666666666,0
17031071200->17031062900,1.9183999689873603,2.368,0.44960003101263957,23.43619882614801,0,5.3,5.3,0
17031071200->17031063400,1.461268042764669,2.124,0.6627319572353312,45.3532095303655,0,5.05,5.05,0
17031071200->17031063301,1.455845935095378,2.135,0.6791540649046217,46.650132993648654,0,5.483333333333333,5.483333333333333,0
17031071200->17031063302,1.5029678737587993,2.212,0.7090321262412009,47.1754678606649,0,5.55,5.55,0
17031071200->17031063200,1.756558666824956,2.6,0.8434413331750441,48.01669019683784,0,6.366666666666666,6.366666666666666,0
17031071200->17031062000,2.137259108574808,2.622,0.48474089142519183,22.680492481252422,0,5.55,5.55,0
17031071200->17031062100,2.208270480656756,2.536,0.3277295193432441,14.841004406569569,0,5.116666666666666,5.116666666666666,0
17031071200->17031061902,2.3039557772863,3.099,0.7950442227137002,34.50779006054266,0,7.25,7.25,0
17031063000->17031063100,0.49904719513775697,0.875,0.37595280486224303,75.33411840105924,0,2.2,2.2,0
17031063000->17031832000,1.0298223927235186,1.521,0.4911776072764813,47.6953706529423,0,3.9833333333333334,3.9833333333333334,0
17031063000->17031063303,1.227117304530157,2.194,0.9668826954698428,78.79301285218581,0,4.866666666666666,4.866666666666666,0
17031063000->17031071400,1.9831449620345605,2.212,0.2288550379654397,11.540005513800228,0,4.816666666666666,4.816666666666666,0
17031063000->17031070200,0.8094306733344208,1.256,0.44656932666557925,55.170793667350516,0,3.4,3.4,0
17031063000->17031060900,1.3911652025593182,1.824,0.4328347974406819,31.11311270900094,0,3.966666666666667,3.966666666666667,0
17031063000->17031070400,0.9748096221202036,1.316,0.34119037787979645,35.00071912890129,0,3.7333333333333334,3.7333333333333334,0
17031063000->17031070102,0.9813960974039967,1.155,0.17360390259600333,17.68948369116434,0,3.2,3.2,0
17031063000->17031061800,1.1717155135284636,1.699,0.5272844864715365,45.00106727132853,0,3.6666666666666665,3.6666666666666665,0
17031063000->17031071500,2.8538509229548383,3.319,0.4651490770451616,16.29899702551921,0,7.583333333333333,7.583333333333333,0
17031063000->17031071300,1.881854328246186,2.231,0.34914567175381395,18.553278354930054,0,5.0,5.0,0
17031063000->17031071800,2.3610479847584793,3.131,0.7699520152415205,32.6106042830079,0,7.083333333333333,7.083333333333333,0
17031063000->17031071600,2.36765045581222,2.725,0.3573495441877803,15.093002571834107,0,6.416666666666667,6.416666666666667,0
17031063000->17031070103,1.3891755555355811,1.607,0.21782444446441884,15.680123624147638,0,4.366666666666666,4.366666666666666,0
17031063000->17031070101,1.3006484715082403,1.597,0.2963515284917597,22.78490575921014,0,3.9833333333333334,3.9833333333333334,0
17031063000->17031061901,1.0428462301147203,1.986,0.9431537698852797,90.4403489842914,0,4.516666666666667,4.516666666666667,0
17031063000->17031062200,0.7786098965099878,1.144,0.3653901034900121,46.92852031907419,0,3.3,3.3,0
17031063000->17031062900,0.414389239797282,0.607,0.192610760202718,46.48063745500309,0,2.0,2.0,0
17031063000->17031063400,0.4163108591202481,0.505,0.08868914087975188,21.303585754926157,0,2.183333333333333,2.183333333333333,0
17031063000->17031063301,0.7563095824621296,0.845,0.08869041753787033,11.726734606368852,0,3.1166666666666667,3.1166666666666667,0
17031063000->17031063302,0.95443947871017,1.819,0.86456052128983,90.5830637326735,0,4.166666666666667,4.166666666666667,0
17031063000->17031063200,0.8880838734643591,1.024,0.1359161265356409,15.304424570332603,0,3.6333333333333333,3.6333333333333333,0
17031063000->17031062000,0.6617258753381037,1.004,0.34227412466189633,51.72445833208714,0,2.683333333333333,2.683333333333333,0
17031063000->17031062100,0.5752417679830202,0.918,0.34275823201697986,59.585073806236075,0,2.25,2.25,0
17031063000->17031061902,1.103324430729881,1.9,0.7966755692701188,72.20682757320029,0,4.35,4.35,0
17031063100->17031832000,0.8705166564220145,1.182,0.31148334357798546,35.78143408056545,0,3.033333333333333,3.033333333333333,0
17031063100->17031063303,0.9765525149644991,1.45,0.4734474850355008,48.48151817546773,0,3.15,3.15,0
17031063100->17031071400,2.04913185363902,2.505,0.45586814636097994,22.246891802077602,0,4.85,4.85,0
17031063100->17031070200,1.0055037238675835,1.548,0.5424962761324166,53.952686922506,0,3.433333333333333,3.433333333333333,0
17031063100->17031060900,0.9868240567072608,1.347,0.36017594329273916,36.498496448752924,0,2.7,2.7,0
17031063100->17031070400,1.4350695905078743,2.156,0.7209304094921258,50.23661669515184,0,4.85,4.85,0
17031063100->17031070102,1.002293960773638,1.448,0.44570603922636187,44.46859471071101,0,3.2333333333333334,3.2333333333333334,0
17031063100->17031061800,0.8005971379317338,1.041,0.2404028620682661,30.02794422789518,0,2.0833333333333335,2.0833333333333335,0
17031063100->17031071500,2.9891328927850336,3.625,0.6358671072149664,21.27262754860379,0,8.116666666666667,8.116666666666667,0
17031063100->17031071300,2.0504369135560454,2.69,0.6395630864439545,31.191551528145716,0,5.55,5.55,0
17031063100->17031071800,2.6268374039992777,3.589,0.9621625960007223,36.628174798175934,0,7.633333333333334,7.633333333333334,0
17031063100->17031071600,2.5578694237642616,3.184,0.6261305762357385,24.478598102724884,0,6.966666666666667,6.966666666666667,0
17031063100->17031070103,1.4835289975705432,1.9,0.41647100242945667,28.072993727219213,0,4.4,4.4,0
17031063100->17031070101,1.3056925184377166,1.889,0.5833074815622834,44.67418426048889,0,4.016666666666667,4.016666666666667,0
17031063100->17031061901,0.5554270206931904,1.242,0.6865729793068096,123.61173542654531,0,2.816666666666667,2.816666666666667,0
17031063100->17031062200,0.8804781468114292,1.178,0.2975218531885707,33.790941236420096,0,2.9166666666666665,2.9166666666666665,0
17031063100->17031062900,0.793634512882787,1.046,0.25236548711721307,31.798703687989093,0,2.466666666666667,2.466666666666667,0
17031063100->17031063400,0.4361161135434752,0.88,0.4438838864565248,101.78112495086135,0,2.3666666666666667,2.3666666666666667,0
17031063100->17031063301,0.5879949095289799,0.97,0.38200509047102005,64.96741456095762,0,2.466666666666667,2.466666666666667,0
17031063100->17031063302,0.7303744930225243,1.279,0.5486255069774756,75.11564440142028,0,2.8333333333333335,2.8333333333333335,0
17031063100->17031063200,0.5293780817485734,0.816,0.2866219182514266,54.14314043843561,0,2.183333333333333,2.183333333333333,0
17031063100->17031062000,0.24046165855416374,0.665,0.4245383414458363,176.55136540206865,0,1.7333333333333334,1.7333333333333334,0
17031063100->17031062100,0.4912769526174699,0.661,0.16972304738253013,34.547325389124055,0,1.4666666666666666,1.4666666666666666,0
17031063100->17031061902,0.6043646254403108,1.156,0.5516353745596891,91.27525856725886,0,2.65,2.65,0
17031832000->17031063303,1.8142769906331182,2.596,0.7817230093668819,43.087302181685516,0,5.716666666666667,5.716666666666667,0
17031832000->17031071400,2.908308653951622,3.245,0.336691346048378,11.576878045282559,0,6.65,6.65,0
17031832000->17031070200,1.796730932865856,2.289,0.4922690671341441,27.398040414930446,0,5.25,5.25,0
17031832000->17031060900,0.6861520254026564,0.8,0.11384797459734364,16.592237635753378,0,2.3,2.3,0
17031832000->17031070400,1.9378855224704796,2.308,0.3701144775295202,19.09888242818834,0,5.9,5.9,0
17031832000->17031070102,1.8601998779997233,2.188,0.32780012200027686,17.621768815121147,0,5.033333333333333,5.033333333333333,0
17031832000->17031061800,0.4881595595256251,0.675,0.18684044047437492,38.274461050386755,0,2.0,2.0,0
17031832000->17031071500,3.8306013967536456,4.436,0.6053986032463543,15.804270414546837,0,9.783333333333333,9.783333333333333,0
17031832000->17031071300,2.8723027956304983,3.349,0.4766972043695019,16.59634231790184,0,7.2,7.2,0
17031832000->17031071800,3.387824802119652,4.248,0.860175197880348,25.390191291537988,0,9.283333333333333,9.283333333333333,0
17031832000->17031071600,3.371119014909409,3.843,0.47188098509059095,13.9977551371995,0,8.616666666666667,8.616666666666667,0
17031832000->17031070103,2.3298908119127444,2.64,0.31010918808725574,13.310030946586243,0,6.2,6.2,0
17031832000->17031070101,2.171038406759209,2.63,0.4589615932407911,21.140187654528898,0,5.816666666666666,5.816666666666666,0
17031832000->17031061901,0.8520872175249355,1.759,0.9069127824750643,106.43426680068984,0,4.5,4.5,0
17031832000->17031062200,0.4819758107102674,1.328,0.8460241892897327,175.53249986612036,0,3.75,3.75,0
17031832000->17031062900,0.9179232328012035,1.196,0.2780767671987965,30.2941201684368,0,3.3,3.3,0
17031832000->17031063400,1.2556387505540323,1.538,0.28236124944596774,22.48745901807984,0,4.016666666666667,4.016666666666667,0
17031832000->17031063301,1.4584187366020795,1.878,0.41958126339792035,28.7696018206327,0,4.95,4.95,0
17031832000->17031063302,1.589564611522233,2.425,0.8354353884777668,52.55749797283919,0,5.4,5.4,0
17031832000->17031063200,1.3459156350583699,1.962,0.6160843649416301,45.774367196121595,0,4.75,4.75,0
17031832000->17031062000,0.6718596121133783,1.207,0.5351403878866218,79.65062614841555,0,3.316666666666667,3.316666666666667,0
17031832000->17031062100,0.457246496297798,0.703,0.24575350370220195,53.746394054848324,0,1.9666666666666666,1.9666666666666666,0
17031832000->17031061902,1.0414478790453408,1.673,0.6315521209546593,60.641740567332214,0,4.333333333333333,4.333333333333333,0
17031063303->17031071400,1.336030018246492,1.967,0.6309699817535082,47.227230910697756,0,4.066666666666666,4.066666666666666,0
17031063303->17031070200,0.9184126650110805,1.35,0.43158733498891955,46.99274644516281,0,3.6166666666666667,3.6166666666666667,0
17031063303->17031060900,1.660936042370246,1.957,0.2960639576297541,17.825126921037537,0,4.216666666666667,4.216666666666667,0
17031063303->17031070400,1.7302647630809744,2.361,0.6307352369190258,36.453105349953205,0,5.366666666666666,5.366666666666666,0
17031063303->17031070102,0.595556251840243,1.064,0.4684437481597571,78.65650754438161,0,2.683333333333333,2.683333333333333,0
17031063303->17031061800,1.5763125141808865,1.992,0.4156874858191135,26.370880271487344,0,4.25,4.25,0
17031063303->17031071500,2.3065631720578503,3.089,0.7824368279421496,33.92219373918476,0,7.633333333333334,7.633333333333334,0
17031063303->17031071300,1.5184078508462744,2.025,0.5065921491537255,33.36337788765909,0,5.166666666666667,5.166666666666667,0
17031063303->17031071800,2.2166903370151254,3.794,1.5773096629848746,71.15606707199319,0,8.133333333333333,8.133333333333333,0
17031063303->17031071600,2.0033502569514208,2.818,0.8146497430485793,40.664369109786364,0,6.833333333333333,6.833333333333333,0
17031063303->17031070103,0.944811714122494,1.669,0.724188285877506,76.64895291334372,0,4.05,4.05,0
17031063303->17031070101,0.666258412680213,1.405,0.738741587319787,110.87913837335125,0,3.75,3.75,0
17031063303->17031061901,1.1144841145001863,1.387,0.27251588549981376,24.45220007662731,0,3.4833333333333334,3.4833333333333334,0
17031063303->17031062200,1.8495727049050033,2.533,0.6834272950949967,36.95055043159812,0,5.85,5.85,0
17031063303->17031062900,1.636321282656471,2.463,0.826678717343529,50.520562563451165,0,5.366666666666666,5.366666666666666,0
17031063303->17031063400,0.8153412074562142,1.465,0.6496587925437859,79.67937675696027,0,3.4,3.4,0
17031063303->17031063301,0.4718132542010497,0.723,0.2511867457989503,53.23859462666012,0,2.7333333333333334,2.7333333333333334,0
17031063303->17031063302,0.272725352297079,0.482,0.20927464770292098,76.73457782353826,0,1.8,1.8,0
17031063303->17031063200,0.4689920695212612,0.901,0.4320079304787388,92.11412272274131,0,3.25,3.25,0
17031063303->17031062000,1.1426901837044878,2.019,0.8763098162955123,76.68831226453729,0,4.666666666666667,4.666666666666667,0
17031063303->17031062100,1.4677923083970503,2.016,0.5482076916029497,37.34913233069312,0,4.4,4.4,0
17031063303->17031061902,0.9610313006850668,1.301,0.3399686993149331,35.375403389316034,0,3.316666666666667,3.316666666666667,0
17031071400->17031070200,1.184167940070033,1.395,0.21083205992996712,17.804236442805426,0,3.05,3.05,0
17031071400->17031060900,2.9346224008056914,3.316,0.38137759919430847,12.995797997371056,0,6.3,6.3,0
17031071400->17031070400,1.7454360506271371,1.969,0.22356394937286295,12.808486984815982,0,4.416666666666667,4.416666666666667,0
17031071400->17031070102,1.048408160401793,1.241,0.19259183959820714,18.36992946758427,0,2.65,2.65,0
17031071400->17031061800,2.8051996893463276,3.011,0.20580031065367255,7.336387189663082,0,5.666666666666667,5.666666666666667,0
17031071400->17031071500,0.972818893342947,1.3,0.327181106657053,33.6322730670602,0,3.6666666666666665,3.6666666666666665,0
17031071400->17031071300,0.4240635775714957,0.48,0.05593642242850427,13.190574571114535,0,1.35,1.35,0
17031071400->17031071800,1.0681154042447714,1.846,0.7778845957552287,72.82776679971626,0,4.616666666666666,4.616666666666666,0
17031071400->17031071600,0.7289120045278519,1.03,0.30108799547214815,41.3064942821426,0,2.85,2.85,0
17031071400->17031070103,0.5940918008653229,0.798,0.20390819913467717,34.32267518886395,0,2.183333333333333,2.183333333333333,0
17031071400->17031070101,0.7482944529638117,0.992,0.2437055470361883,32.56813491947322,0,2.2333333333333334,2.2333333333333334,0
17031071400->17031061901,2.387831565366488,3.455,1.067168434633512,44.69194771155148,0,5.483333333333333,5.483333333333333,0
17031071400->17031062200,2.759255233357525,3.146,0.38674476664247504,14.01627373818098,0,6.5,6.5,0
17031071400->17031062900,2.348505633133563,3.014,0.6654943668664366,28.336928703827763,0,6.066666666666666,6.066666666666666,0
17031071400->17031063400,1.6567275140391187,1.95,0.2932724859608813,17.701914374916125,0,4.083333333333333,4.083333333333333,0
17031071400->17031063301,1.4801366025416782,1.792,0.3118633974583218,21.069906448012475,0,3.9166666666666665,3.9166666666666665,0
17031071400->17031063302,1.419084574045006,1.856,0.4369154259549941,30.78854029887703,0,3.816666666666667,3.816666666666667,0
17031071400->17031063200,1.708309187740602,2.256,0.5476908122593978,32.06040312783014,0,4.783333333333333,4.783333333333333,0
17031071400->17031062000,2.2784497088742723,2.716,0.43755029112572785,19.203859950102256,0,5.483333333333333,5.483333333333333,0
17031071400->17031062100,2.473429916125367,2.629,0.155570083874633,6.28964996583909,0,5.05,5.05,0
17031071400->17031061902,2.264338361825947,3.369,1.1046616381740533,48.78518408720778,0,5.316666666666666,5.316666666666666,0
17031070200->17031060900,1.9858184886116483,2.307,0.3211815113883516,16.173759748450134,0,4.95,4.95,0
17031070200->17031070400,0.8305612544413624,1.548,0.7174387455586376,86.37999205021775,0,4.1,4.1,0
17031070200->17031070102,0.3518629300633978,0.559,0.20713706993660225,58.86868215963551,0,2.0,2.0,0
17031070200->17031061800,1.8060999669546849,2.001,0.194900033045315,10.791209601423189,0,4.316666666666666,4.316666666666666,0
17031070200->17031071500,2.0463611705576685,2.735,0.6886388294423313,33.651871397396846,0,6.9,6.9,0
17031070200->17031071300,1.0781023696598524,1.824,0.7458976303401477,69.18615999104823,0,4.433333333333334,4.433333333333334,0
17031070200->17031071800,1.6213393432665726,2.724,1.1026606567334276,68.00924564698813,0,6.516666666666667,6.516666666666667,0
17031070200->17031071600,1.5743911838684126,2.318,0.7436088161315875,47.23151550585272,0,5.85,5.85,0
17031070200->17031070103,0.592797072459074,1.01,0.417202927540926,70.37870916100537,0,3.183333333333333,3.183333333333333,0
17031070200->17031070101,0.5874639463484134,1.0,0.41253605365158663,70.22321220150583,0,2.8,2.8,0
17031070200->17031061901,1.4915128315450803,2.202,0.7104871684549197,47.63533731848055,0,5.066666666666666,5.066666666666666,0
17031070200->17031062200,1.5878688047274157,2.098,0.5101311952725842,32.12678489266982,0,5.016666666666667,5.016666666666667,0
17031070200->17031062900,1.1643805535800158,1.65,0.4856194464199841,41.70624843629463,0,4.083333333333333,4.083333333333333,0
17031070200->17031063400,0.5694284860283539,0.94,0.370571513971646,65.07779696030063,0,2.7333333333333334,2.7333333333333334,0
17031070200->17031063301,0.6215250662389559,0.782,0.16047493376104416,25.819543326245647,0,2.566666666666667,2.566666666666667,0
17031070200->17031063302,0.739483505980013,1.275,0.5355164940199869,72.41763875588877,0,3.216666666666667,3.216666666666667,0
17031070200->17031063200,0.9307334676059167,1.246,0.3152665323940833,33.872912425189675,0,3.433333333333333,3.433333333333333,0
17031070200->17031062000,1.2454967167284245,1.668,0.4225032832715754,33.92247266467106,0,4.0,4.0,0
17031070200->17031062100,1.3431852799932213,1.582,0.23881472000677872,17.779730284714255,0,3.566666666666667,3.566666666666667,0
17031070200->17031061902,1.4436430858498142,2.115,0.6713569141501861,46.50435559388874,0,4.9,4.9,0
17031060900->17031070400,2.36578891082772,3.104,0.73821108917228,31.20359072585227,0,6.616666666666666,6.616666666666666,0
17031060900->17031070102,1.923787283229407,2.259,0.33521271677059294,17.4246248373095,0,4.683333333333334,4.683333333333334,0
17031060900->17031061800,0.23407625607922608,0.306,0.07192374392077391,30.726629486260414,0,0.6333333333333333,0.6333333333333333,0
17031060900->17031071500,3.900485985945672,5.828,1.9275140140543283,49.4172782827472,0,8.75,8.75,0
17031060900->17031071300,2.997336912628977,3.615,0.6176630873710232,20.607062381561512,0,7.266666666666667,7.266666666666667,0
17031060900->17031071800,3.6039812446561768,4.538,0.9340187553438235,25.91630455149413,0,9.383333333333333,9.383333333333333,0
17031060900->17031071600,3.5070931597953257,4.132,0.624906840204674,17.81837013537284,0,8.716666666666667,8.716666666666667,0
17031060900->17031070103,2.410699461081645,2.711,0.30030053891835484,12.45698784798394,0,5.85,5.85,0
17031060900->17031070101,2.1901218222489973,2.701,0.5108781777510027,23.32647310122644,0,5.466666666666667,5.466666666666667,0
17031060900->17031061901,0.5497386258964885,0.959,0.4092613741035115,74.44653783170263,0,2.2,2.2,0
17031060900->17031062200,1.1365052676339256,2.127,0.9904947323660742,87.15267412954199,0,4.666666666666667,4.666666666666667,0
17031060900->17031062900,1.4587649992656397,1.995,0.5362350007343604,36.75951925116846,0,4.233333333333333,4.233333333333333,0
17031060900->17031063400,1.4194753232022532,1.789,0.3695246767977467,26.03248332377633,0,3.8,3.8,0
17031060900->17031063301,1.467252031812422,1.781,0.3137479681875779,21.383372548479006,0,3.933333333333333,3.933333333333333,0
17031060900->17031063302,1.517648984303201,1.75,0.23235101569679895,15.309931222566487,0,3.6333333333333333,3.6333333333333333,0
17031060900->17031063200,1.2294285167844732,1.627,0.3975714832155268,32.337909670044176,0,3.6333333333333333,3.6333333333333333,0
17031060900->17031062000,0.7547766363373868,1.206,0.4512233636626132,59.78237029861049,0,2.7333333333333334,2.7333333333333334,0
17031060900->17031062100,0.9001349008940351,1.212,0.3118650991059648,34.64648452095492,0,3.15,3.15,0
17031060900->17031061902,0.7052301919704181,0.873,0.16776980802958186,23.789368342389288,0,2.033333333333333,2.033333333333333,0
17031070400->17031070102,1.1823037253047848,1.762,0.5796962746952152,49.031079094821926,0,4.433333333333334,4.433333333333334,0
17031070400->17031061800,2.1444050706962385,2.979,0.8345949293037616,38.919649123604614,0,6.316666666666666,6.316666666666666,0
17031070400->17031071500,2.367809741578456,2.744,0.3761902584215444,15.887689446313546,0,6.65,6.65,0
17031070400->17031071300,1.4505786446276887,1.656,0.2054213553723112,14.161338727348733,0,4.066666666666666,4.066666666666666,0
17031070400->17031071800,1.6588123767435532,2.555,0.896187623256447,54.02585824780077,0,6.15,6.15,0
17031070400->17031071600,1.8176859077520202,2.15,0.3323140922479797,18.28226157394603,0,5.483333333333333,5.483333333333333,0
17031070400->17031070103,1.255499873031217,1.635,0.379500126968783,30.227014364608145,0,4.316666666666666,4.316666666666666,0
17031070400->17031070101,1.3725010273772473,2.229,0.8564989726227528,62.40425001790067,0,5.216666666666667,5.216666666666667,0
17031070400->17031061901,1.9903676092278455,3.259,1.2686323907721544,63.73859707575903,0,7.166666666666667,7.166666666666667,0
17031070400->17031062200,1.5493455557917661,1.885,0.33565444420823387,21.66427256679376,0,4.916666666666667,4.916666666666667,0
17031070400->17031062900,1.0424658190203617,1.464,0.42153418097963824,40.43625923157531,0,3.933333333333333,3.933333333333333,0
17031070400->17031063400,1.0999265800168132,1.786,0.6860734199831868,62.374474119236176,0,4.833333333333333,4.833333333333333,0
17031070400->17031063301,1.3444728641501942,1.985,0.6405271358498059,47.64150716085045,0,5.3,5.3,0
17031070400->17031063302,1.5126093014156865,2.286,0.7733906985843135,51.129574428801874,0,5.3,5.3,0
17031070400->17031063200,1.620720651547045,2.305,0.6842793484529552,42.22068422462454,0,6.3,6.3,0
17031070400->17031062000,1.6303662492716284,2.285,0.6546337507283717,40.15255780845755,0,5.333333333333333,5.333333333333333,0
17031070400->17031062100,1.5130124862371903,2.051,0.5379875137628098,35.55737435457431,0,4.85,4.85,0
17031070400->17031061902,2.0137238031448694,3.173,1.1592761968551306,57.568778550696365,0,7.0,7.0,0
17031070102->17031061800,1.7750308219721302,1.949,0.17396917802786982,9.800910264452934,0,4.016666666666667,4.016666666666667,0
17031070102->17031071500,1.9896647830061314,2.361,0.37133521699386884,18.663204986360988,0,5.916666666666667,5.916666666666667,0
17031070102->17031071300,1.0751466001444503,1.54,0.46485339985554974,43.23628050287234,0,3.6,3.6,0
17031070102->17031071800,1.7198205699132119,2.907,1.1871794300867882,69.02926100870495,0,6.883333333333334,6.883333333333334,0
17031070102->17031071600,1.584494850038104,2.09,0.5055051499618959,31.903237170492503,0,5.116666666666666,5.116666666666666,0
17031070102->17031070103,0.48757271486296216,0.636,0.14842728513703785,30.442081891058038,0,2.2,2.2,0
17031070102->17031070101,0.32114527287970723,0.626,0.30485472712029277,94.92735931831184,0,1.8166666666666667,1.8166666666666667,0
17031070102->17031061901,1.390942946565542,1.963,0.572057053434458,41.12728382188193,0,4.483333333333333,4.483333333333333,0
17031070102->17031062200,1.7382763789039628,2.084,0.34572362109603727,19.888875284264447,0,4.85,4.85,0
17031070102->17031062900,1.3812422381020075,1.952,0.5707577618979924,41.32206112392581,0,4.4,4.4,0
17031070102->17031063400,0.6143316279310601,0.888,0.2736683720689399,44.54733561262302,0,2.4166666666666665,2.4166666666666665,0
17031070102->17031063301,0.4582563720395413,0.73,0.2717436279604587,59.29947613189128,0,2.25,2.25,0
17031070102->17031063302,0.48360781915724355,0.99,0.5063921808427565,104.7113302934634,0,2.6166666666666667,2.6166666666666667,0
17031070102->17031063200,0.7426124938928927,1.195,0.4523875061071073,60.91838069349198,0,3.1333333333333333,3.1333333333333333,0
17031070102->17031062000,1.2350284328534344,1.654,0.41897156714656547,33.924042232660604,0,3.816666666666667,3.816666666666667,0
17031070102->17031062100,1.4297009872156061,1.567,0.13729901278439383,9.603337621791013,0,3.4,3.4,0
17031070102->17031061902,1.3008594117259338,1.877,0.5761405882740662,44.289227804383835,0,4.316666666666666,4.316666666666666,0
17031061800->17031071500,3.76271202329343,4.13,0.36728797670657,9.761256626413036,0,8.933333333333334,8.933333333333334,0
17031061800->17031071300,2.840969744164361,3.31,0.46903025583563895,16.509512528215918,0,6.633333333333334,6.633333333333334,0
17031061800->17031071800,3.4274279350633234,4.413,0.9855720649366768,28.755442378643853,0,9.1,9.1,0
17031061800->17031071600,3.3500920998934482,3.859,0.5089079001065517,15.190862965311847,0,8.133333333333333,8.133333333333333,0
17031061800->17031070103,2.262304248508149,2.406,0.1436957514918511,6.351742988884436,0,5.233333333333333,5.233333333333333,0
17031061800->17031070101,2.057089234427897,2.395,0.337910765572103,16.42664595763539,0,4.85,4.85,0
17031061800->17031061901,0.4772618474100225,1.265,0.7877381525899774,165.05366118511884,0,2.8333333333333335,2.8333333333333335,0
17031061800->17031062200,0.9129691750539384,2.001,1.0880308249460615,119.174979251822,0,4.383333333333334,4.383333333333334,0
17031061800->17031062900,1.224878141426864,1.869,0.6441218585731361,52.586607335713964,0,3.933333333333333,3.933333333333333,0
17031061800->17031063400,1.2367035285411563,1.483,0.2462964714588438,19.915563089674432,0,3.183333333333333,3.183333333333333,0
17031061800->17031063301,1.3260192259495522,1.476,0.14998077405044774,11.310603279002056,0,3.3,3.3,0
17031061800->17031063302,1.4025063650489762,1.785,0.38249363495102373,27.272149665977942,0,3.6666666666666665,3.6666666666666665,0
17031061800->17031063200,1.1216245183585354,1.322,0.20037548164146468,17.864755839566378,0,3.0166666666666666,3.0166666666666666,0
17031061800->17031062000,0.5610132090030999,1.081,0.5199867909969,92.68708519731605,0,2.433333333333333,2.433333333333333,0
17031061800->17031062100,0.6665590139611156,1.087,0.42044098603888436,63.076333412754835,0,2.85,2.85,0
17031061800->17031061902,0.6641290675002443,1.179,0.5148709324997558,77.52573373090111,0,2.6666666666666665,2.6666666666666665,0
17031071500->17031071300,0.9746363051548135,1.547,0.5723636948451865,58.725874648623,0,3.6333333333333333,3.6333333333333333,0
17031071500->17031071800,0.8831094036898427,1.847,0.9638905963101573,109.14735957773651,0,4.5,4.5,0
17031071500->17031071600,0.5564058470288298,0.983,0.4265941529711702,76.66960281764733,0,3.1166666666666667,3.1166666666666667,0
17031071500->17031070103,1.5056173113301001,1.865,0.35938268866989986,23.86945779418624,0,4.483333333333333,4.483333333333333,0
17031071500->17031070101,1.710417888071596,2.059,0.34858211192840427,20.379938397476177,0,4.533333333333333,4.533333333333333,0
17031071500->17031061901,3.3559574883298673,5.191,1.8350425116701325,54.680147709003414,0,7.55,7.55,0
17031071500->17031062200,3.6300899091696475,4.213,0.5829100908303526,16.057731500201008,0,8.8,8.8,0
17031071500->17031062900,3.176858671421401,3.69,0.5131413285785991,16.152475815016587,0,7.833333333333333,7.833333333333333,0
17031071500->17031063400,2.5759243444755477,3.017,0.44107565552445216,17.12300504750477,0,6.366666666666666,6.366666666666666,0
17031071500->17031063301,2.437349720391541,2.859,0.42165027960845913,17.299539581079255,0,6.2,6.2,0
17031071500->17031063302,2.3890862173032255,2.924,0.5349137826967745,22.389890277822595,0,6.116666666666666,6.116666666666666,0
17031071500->17031063200,2.6780934707251465,3.323,0.6449065292748535,24.080807347632728,0,7.083333333333333,7.083333333333333,0
17031071500->17031062000,3.2241506216068023,3.783,0.5588493783931976,17.33322800268825,0,7.766666666666667,7.766666666666667,0
17031071500->17031062100,3.3832881537257893,3.696,0.3127118462742109,9.242838093168098,0,7.35,7.35,0
17031071500->17031061902,3.2362032801849434,5.104,1.8677967198150567,57.71567970564306,0,7.383333333333334,7.383333333333334,0
17031071300->17031071800,0.7148531558869853,1.586,0.8711468441130148,121.86374739188237,0,4.316666666666666,4.316666666666666,0
17031071300->17031071600,0.5097623159672395,0.644,0.13423768403276048,26.333387115533156,0,2.5166666666666666,2.5166666666666666,0
17031071300->17031070103,0.5946417538769467,1.078,0.48335824612305334,81.28562163212608,0,3.783333333333333,3.783333333333333,0
17031071300->17031070101,0.8565202422896082,1.644,0.7874797577103917,91.93942172403762,0,3.9,3.9,0
17031071300->17031061901,2.4660245415405835,3.481,1.0149754584594164,41.158368108751155,0,7.35,7.35,0
17031071300->17031062200,2.6565670209520067,3.301,0.6444329790479935,24.25811108718253,0,7.116666666666666,7.116666666666666,0
17031071300->17031062900,2.2027153978296945,2.616,0.4132846021703056,18.76250570443686,0,5.85,5.85,0
17031071300->17031063400,1.6248257471925944,2.372,0.7471742528074055,45.98488509296383,0,5.6,5.6,0
17031071300->17031063301,1.5333936167949416,2.444,0.9106063832050584,59.38503807707141,0,5.566666666666666,5.566666666666666,0
17031071300->17031063302,1.5275933602006386,2.508,0.9804066397993614,64.17981809443005,0,5.483333333333333,5.483333333333333,0
17031071300->17031063200,1.807308023640852,2.908,1.1006919763591478,60.90229014431008,0,6.45,6.45,0
17031071300->17031062000,2.2894624506825316,2.871,0.5815375493174684,25.400615290462664,0,6.083333333333333,6.083333333333333,0
17031071300->17031062100,2.420560876149516,2.784,0.3634391238504837,15.0146657095698,0,5.666666666666667,5.666666666666667,0
17031071300->17031061902,2.370130314712892,3.395,1.0248696852871082,43.24106902161019,0,7.183333333333334,7.183333333333334,0
17031071800->17031071600,0.4230125713951652,0.797,0.37398742860483486,88.41047616418649,0,2.816666666666667,2.816666666666667,0
17031071800->17031070103,1.2737401918449862,2.067,0.793259808155014,62.27799148003594,0,5.1,5.1,0
17031071800->17031070101,1.5504349316266184,2.235,0.6845650683733815,44.15309887627332,0,5.333333333333333,5.333333333333333,0
17031071800->17031061901,3.093335512099815,4.073,0.9796644879001852,31.67016587978102,0,8.8,8.8,0
17031071800->17031062200,3.099498125790222,3.723,0.623501874209778,20.116220397804412,0,8.116666666666667,8.116666666666667,0
17031071800->17031062900,2.6069346542720697,3.038,0.4310653457279301,16.535333749985988,0,6.866666666666666,6.866666666666666,0
17031071800->17031063400,2.190765069697819,2.794,0.6032349303021811,27.53535459579825,0,6.6,6.6,0
17031071800->17031063301,2.169336889319119,2.806,0.6366631106808809,29.348282132458813,0,7.033333333333333,7.033333333333333,0
17031071800->17031063302,2.1954472027556737,3.1,0.9045527972443264,41.20130040517272,0,6.916666666666667,6.916666666666667,0
17031071800->17031063200,2.462410244257637,3.27,0.807589755742363,32.7967184844877,0,7.916666666666667,7.916666666666667,0
17031071800->17031062000,2.866806656834671,3.293,0.4261933431653291,14.866483658716707,0,7.1,7.1,0
17031071800->17031062100,2.9306497331701986,3.206,0.27535026682980135,9.39553654990848,0,6.683333333333334,6.683333333333334,0
17031071800->17031061902,3.0179208848484285,3.987,0.9690791151515716,32.11081907471019,0,8.633333333333333,8.633333333333333,0
17031071600->17031070103,1.101216734764989,1.647,0.545783265235011,49.56183900996444,0,4.666666666666667,4.666666666666667,0
17031071600->17031070101,1.352436414193134,1.84,0.4875635858068661,36.05075851922749,0,4.7,4.7,0
17031071600->17031061901,2.9750959639295096,3.678,0.7029040360704903,23.626264315255703,0,8.166666666666666,8.166666666666666,0
17031071600->17031062200,3.1354543891382467,3.798,0.6625456108617533,21.130768578772035,0,8.416666666666666,8.416666666666666,0
17031071600->17031062900,2.6661703264976673,3.114,0.4478296735023326,16.796739092457393,0,7.15,7.15,0
17031071600->17031063400,2.1296884578030233,2.798,0.6683115421969767,31.3807186092563,0,6.55,6.55,0
17031071600->17031063301,2.042654158478175,2.64,0.5973458415218249,29.243611261480574,0,6.383333333333334,6.383333333333334,0
17031071600->17031063302,2.031012015269744,2.705,0.6739879847302559,33.184834932684616,0,6.3,6.3,0
17031071600->17031063200,2.3132855426368275,3.105,0.7917144573631725,34.224674938344485,0,7.25,7.25,0
17031071600->17031062000,2.7973541161789317,3.368,0.5706458838210682,20.399486805072307,0,7.4,7.4,0
17031071600->17031062100,2.916993917193885,3.281,0.3640060828061151,12.478808428791131,0,6.983333333333333,6.983333333333333,0
17031071600->17031061902,2.876547783915182,3.592,0.715452216084818,24.87190444342411,0,8.0,8.0,0
17031070103->17031070101,0.28083767757769146,0.321,0.04016232242230855,14.300902488840006,0,1.0166666666666666,1.0166666666666666,0
17031070103->17031061901,1.87493053619622,2.223,0.3480694638037798,18.564392497971067,0,4.933333333333334,4.933333333333334,0
17031070103->17031062200,2.165884106809115,2.476,0.31011589319088495,14.31821269734338,0,5.283333333333333,5.283333333333333,0
17031070103->17031062900,1.7565679780449974,2.344,0.5874320219550024,33.44203180845839,0,4.85,4.85,0
17031070103->17031063400,1.0743519332336215,1.279,0.20464806676637837,19.04851291610018,0,2.8666666666666667,2.8666666666666667,0
17031070103->17031063301,0.9437100423635992,1.121,0.17728995763640076,18.78648628050662,0,2.7,2.7,0
17031070103->17031063302,0.9333857338493042,1.25,0.31661426615069577,33.92105264400938,0,3.066666666666667,3.066666666666667,0
17031070103->17031063200,1.2127582294808608,1.586,0.3732417705191393,30.77627192675584,0,3.566666666666667,3.566666666666667,0
17031070103->17031062000,1.7190627280382116,2.045,0.32593727196178834,18.960173276151874,0,4.266666666666667,4.266666666666667,0
17031070103->17031062100,1.888442987268492,1.959,0.07055701273150805,3.7362532629891096,0,3.85,3.85,0
17031070103->17031061902,1.7757591619376956,2.136,0.36024083806230456,20.286581974844626,0,4.783333333333333,4.783333333333333,0
17031070101->17031061901,1.6459283786129797,1.891,0.24507162138702032,14.889567770472592,0,4.0,4.0,0
17031070101->17031062200,2.0593917804900226,2.704,0.6446082195099776,31.30090280134051,0,5.733333333333333,5.733333333333333,0
17031070101->17031062900,1.6961742458472766,2.506,0.8098257541527232,47.744254821425926,0,5.266666666666667,5.266666666666667,0
17031070101->17031063400,0.9337360116209277,1.508,0.5742639883790723,61.50175009124618,0,3.3,3.3,0
17031070101->17031063301,0.7318668955850044,1.16,0.4281331044149955,58.49876623710042,0,3.066666666666667,3.066666666666667,0
17031070101->17031063302,0.6832629992782991,0.918,0.2347370007217009,34.35529232076716,0,2.1166666666666667,2.1166666666666667,0
17031070101->17031063200,0.9705213140191941,1.337,0.3664786859808059,37.76101366214385,0,3.566666666666667,3.566666666666667,0
17031070101->17031062000,1.5319886397055518,2.274,0.7420113602944483,48.43452105735346,0,4.7,4.7,0
17031070101->17031062100,1.7465869986174687,2.187,0.44041300138253114,25.215634934368868,0,4.283333333333333,4.283333333333333,0
17031070101->17031061902,1.5324578290692925,1.805,0.27254217093070743,17.78464410314184,0,3.8333333333333335,3.8333333333333335,0
17031061901->17031062200,1.129686699601898,1.846,0.7163133003981021,63.40813790677816,0,4.35,4.35,0
17031061901->17031062900,1.2547124443640498,1.714,0.45928755563595014,36.605005210475916,0,3.9,3.9,0
17031061901->17031063400,0.9455989218491427,1.242,0.29640107815085726,31.345327421824614,0,3.0166666666666666,3.0166666666666666,0
17031061901->17031063301,0.9327033710169824,1.234,0.30129662898301757,32.30358529255618,0,3.15,3.15,0
17031061901->17031063302,0.9692970798512645,1.543,0.5737029201487355,59.187521769566075,0,3.5166666666666666,3.5166666666666666,0
17031061901->17031063200,0.6804503224036644,1.08,0.39954967759633564,58.718419911234946,0,2.85,2.85,0
17031061901->17031062000,0.4015857284813534,0.961,0.5594142715186465,139.30133265296593,0,3.1333333333333333,3.1333333333333333,0
17031061901->17031062100,0.7537770613442241,1.33,0.576222938655776,76.44474317488348,0,2.9,2.9,0
17031061901->17031061902,0.19264938429025633,0.881,0.6883506157097437,357.30745688376356,0,2.95,2.95,0
17031062200->17031062900,0.5076879790426542,1.285,0.7773120209573458,153.10821863915726,0,3.6,3.6,0
17031062200->17031063400,1.1300598249656792,1.623,0.49294017503432075,43.620714951909,0,4.383333333333334,4.383333333333334,0
17031062200->17031063301,1.4184287453859825,1.963,0.5445712546140176,38.39257039773464,0,5.316666666666666,5.316666666666666,0
17031062200->17031063302,1.5906311811437988,2.51,0.919368818856201,57.79899386827667,0,5.766666666666667,5.766666666666667,0
17031062200->17031063200,1.4098061388779715,2.047,0.6371938611220287,45.19726815980209,0,5.116666666666666,5.116666666666666,0
17031062200->17031062000,0.7943234420907289,1.171,0.3766765579092711,47.421055196083024,0,3.7333333333333334,3.7333333333333334,0
17031062200->17031062100,0.4039202533536448,0.788,0.38407974664635525,95.0880138981497,0,2.3333333333333335,2.3333333333333335,0
17031062200->17031061902,1.2923960753316683,2.386,1.0936039246683318,84.61832603350173,0,5.583333333333333,5.583333333333333,0
17031062900->17031063400,0.8302898148394877,1.356,0.5257101851605124,63.31646802895482,0,3.566666666666667,3.566666666666667,0
17031062900->17031063301,1.167643789467108,1.696,0.5283562105328921,45.24977696956917,0,4.483333333333333,4.483333333333333,0
17031062900->17031063302,1.3637398347408887,2.243,0.8792601652591112,64.47418656111714,0,4.95,4.95,0
17031062900->17031063200,1.2681386753431099,1.78,0.5118613246568902,40.363198016841494,0,4.3,4.3,0
17031062900->17031062000,0.8541746558978995,1.224,0.36982534410210044,43.296220690760705,0,3.0833333333333335,3.0833333333333335,0
17031062900->17031062100,0.5590722534975899,0.989,0.42992774650241006,76.90021170121679,0,2.3833333333333333,2.3833333333333333,0
17031062900->17031061902,1.3646220159261533,2.119,0.7543779840738469,55.28109434478523,0,4.766666666666667,4.766666666666667,0
17031063400->17031063301,0.34358427325832686,0.435,0.09141572674167314,26.60649332833154,0,1.75,1.75,0
17031063400->17031063302,0.5438520682972148,1.023,0.47914793170278513,88.10262195066824,0,3.4,3.4,0
17031063400->17031063200,0.5389517427471822,0.9,0.36104825725281786,66.99083213136258,0,2.6166666666666667,2.6166666666666667,0
17031063400->17031062000,0.6760842018708192,0.964,0.2879157981291808,42.58578995522712,0,2.216666666666667,2.216666666666667,0
17031063400->17031062100,0.8168157157525662,0.877,0.06018428424743383,7.368159437527908,0,1.8,1.8,0
17031063400->17031061902,0.9310482331613599,1.859,0.9279517668386401,99.66742149198804,0,3.9,3.9,0
17031063301->17031063302,0.20056336396724644,0.584,0.3834366360327535,191.1797989663614,0,2.216666666666667,2.216666666666667,0
17031063301->17031063200,0.30967897351253765,0.464,0.15432102648746238,49.832581378410744,0,1.9,1.9,0
17031063301->17031062000,0.8039317392990347,1.503,0.6990682607009652,86.9561713424199,0,3.716666666666667,3.716666666666667,0
17031063301->17031062100,1.0609911479883778,1.5,0.4390088520116222,41.37723984257323,0,3.45,3.45,0
17031063301->17031061902,0.8488927407672593,1.333,0.48410725923274067,57.02808328825941,0,3.8666666666666667,3.8666666666666667,0
17031063302->17031063200,0.2892247061112934,0.53,0.2407752938887066,83.24852227390855,0,2.1166666666666667,2.1166666666666667,0
17031063302->17031062000,0.9204237850288065,1.71,0.7895762149711935,85.78398644342748,0,4.466666666666667,4.466666666666667,0
17031063302->17031062100,1.2181630418444405,1.706,0.4878369581555595,40.04693472040636,0,4.2,4.2,0
17031063302->17031061902,0.8492417031579339,1.399,0.5497582968420661,64.73519785919267,0,4.083333333333333,4.083333333333333,0
17031063200->17031062000,0.6750327298862104,1.59,0.9149672701137896,135.54413432190535,0,3.566666666666667,3.566666666666667,0
17031063200->17031062100,1.016443667446601,1.586,0.569556332553399,56.03422509229422,0,3.3,3.3,0
17031063200->17031061902,0.5633435485149306,0.871,0.30765645148506937,54.61258095457099,0,2.216666666666667,2.216666666666667,0
17031062000->17031062100,0.3923415824148451,1.211,0.818658417585155,208.65961047165803,0,2.7666666666666666,2.7666666666666666,0
17031062000->17031061902,0.5202183676012401,0.863,0.3427816323987599,65.89187421031437,0,3.0833333333333335,3.0833333333333335,0
17031062100->17031061902,0.9021661493917019,1.705,0.8028338506082981,88.98957815582197,0,3.966666666666667,3.966666666666667,0
